name,building
,house
,house
,house
,yes
,house
,house
,house
,house
,house
,house
,house
,house
,house
,house
,house
,house
,house
,house
,yes
,yes
,house
,house
,house
,house
,yes
,house
,house
,house
,house
,yes
,house
,house
,house
,house
,house
,house
,house
,house
,house
,house
,house
,yes
,house
,house
,house
,house
,house
,house
,house
,house
,yes
,house
,house
,house
,house
,house
,yes
,house
,house
,yes
,house
,house
,house
,house
,yes
,house
,house
,house
,house
,house
,house
,house
,house
,house
,yes
,yes
,house
,yes
,yes
,house
,house
,yes
,yes
,yes
,yes
,house
,house
,garage
,house
,house
,yes
,house
,house
,yes
,house
,yes
,house
,house
,house
,house
,house
,cabin
,garage
,barn
,house
,house
,house
,shed
,barn
,barn
,shed
,garage
Historical Society Of Princeton,yes
,garage
,shed
,shed
,barn
,house
,house
,yes
,house
,house
,house
,yes
,house
,yes
,house
,yes
,yes
,yes
,yes
,yes
,yes
,house
,yes
,yes
,yes
,house
,yes
,yes
,yes
,house
,yes
,yes
,yes
,yes
,house
,house
,yes
,yes
,yes
,yes
,house
,house
,house
,house
,house
,house
,yes
,yes
,house
,yes
,yes
,yes
,yes
,house
,house
,house
,house
,yes
,school
,school
,school
Princeton Friends Meeting,yes
,house
Clarke House,house
,yes
,yes
,house
,garage
,house
,yes
,house
,house
,house
,house
,house
,house
,house
,house
,house
,house
,house
,house
,house
,house
,house
,house
,house
,yes
,yes
,yes
,yes
,yes
,house
,garage
,house
,house
,house
,house
,house
,house
,house
,house
,garage
,shed
,house
,house
,house
,house
,yes
,yes
,yes
,yes
,yes
,yes
,yes
,yes
,house
,yes
,house
,house
,house
,garage
,house
,house
,house
,house
,house
,house
,house
,house
,house
,house
,shed
,house
,house
,house
,house
,house
,yes
,house
,house
,yes
,yes
,yes
,yes
,house
,house
,yes
,house
,yes
,house
,house
,house
,yes
,yes
,yes
,yes
,yes
,house
,house
,house
,garage
,house
,house
,house
,house
,yes
,yes
,yes
,yes
,yes
,yes
,yes
,yes
,yes
,yes
,yes
,yes
,yes
,house
,yes
,yes
Athletic Center,school
Fine Arts Center,school
,yes
Middle School,school
Academic Center,school
,yes
Modular Office Space,university
Simonyi Hall,university
Wolfensohn Hall,university
Bloomberg Hall,university
Rubenstein Commons,university
,apartments
,apartments
,garage
,house
,house
Historical Studies-Social Sciences Library,university
Building D,yes
Marilyn and James Simons Hall,university
Fuld Hall,university
,roof
,roof
Building B,university
Building A,university
Olden Manor,house
,garage
,yes
,yes
West Building,university
,house
,house
,house
,house
,house
,house
,garage
,house
,house
,garage
,house
,house
,house
,garage
,house
,house
,house
,garage
,house
,house
,house
,house
,house
,house
,house
,house
,house
,house
,house
,house
,house
,house
,house
,house
,house
,house
,house
,garage
,house
,garage
,house
,house
,house
,house
,house
,shed
,house
,house
,house
,garage
,house
,house
,house
,house
,house
,house
,house
,house
,cabin
,garage
,house
,house
,house
,house
,garage
,house
,house
,house
,house
,house
,house
,garage
,house
,garage
,house
,house
,garage
,house
,house
,yes
,house
,house
,yes
,yes
,house
,house
,house
,house
,house
,house
,house
,house
,house
,house
,yes
,yes
,yes
,yes
,house
,yes
,yes
,yes
,yes
,yes
,yes
,yes
,yes
,house
,house
,yes
,yes
,house
,house
,house
,yes
,house
,house
,yes
,yes
,yes
,yes
,yes
,yes
,yes
,yes
,yes
,yes
,yes
,yes
,house
,yes
,house
,house
,yes
,yes
,yes
,yes
,yes
,yes
,yes
,yes
,yes
,yes
,yes
,yes
,yes
,yes
,yes
,yes
,yes
,yes
,yes
,yes
,yes
,yes
,yes
,yes
,yes
,yes
,yes
,yes
,yes
,yes
,yes
,yes
,yes
,yes
,yes
,yes
,yes
,yes
,yes
,yes
,yes
,yes
,yes
,yes
,yes
,yes
,yes
,yes
,yes
,yes
,yes
,yes
,yes
,yes
,yes
,yes
,yes
,yes
,yes
,yes
,yes
,yes
,yes
,yes
,yes
Mason House,school
,yes
Carter Dormitory,dormitory
Russell Hall,school
,yes
,yes
Global Commons,school
Dining Hall,school
Poe Dormitory,dormitory
,house
,yes
,yes
,house
,yes
,yes
,yes
,yes
,yes
,yes
,yes
,yes
,yes
,yes
,yes
,yes
,yes
,yes
,yes
,yes
,yes
,yes
,yes
,yes
,yes
,yes
,yes
,yes
,yes
,yes
,house
,house
,house
Drumthwacket,house
,house
,yes
,house
,house
,house
,house
,yes
,yes
,yes
,yes
,yes
,yes
,house
,yes
,yes
,yes
,yes
,yes
,yes
,yes
,yes
,yes
,yes
,yes
,yes
,yes
,yes
,yes
,yes
,yes
,yes
,yes
,yes
,yes
,yes
,yes
,house
,house
,house
,house
,yes
,house
,house
,house
,yes
,house
,house
,house
,house
,house
,yes
,house
,yes
,house
,house
,house
,house
,house
,garage
,house
,house
,garage
,house
,house
,house
,house
,house
,house
,house
,house
,garage
,house
,house
,house
,garage
,house
,house
,house
,house
,house
,house
,house
,house
,house
,house
,yes
,garage
,house
,house
,house
,house
,house
,garage
,house
,shed
,house
,garage
,house
,house
,house
,house
,garage
,house
,house
,garage
,house
,garage
,house
,house
,garage
,house
,house
,house
,house
,house
,house
,house
,house
,house
,house
,house
,house
,house
,house
,apartments
Marquand Guest House,university
,house
,house
,house
,house
,house
,house
,house
,house
,house
,house
,yes
,yes
,yes
,yes
,yes
,yes
,yes
,yes
,yes
,yes
,yes
,yes
,yes
,yes
,yes
,yes
,yes
,yes
,yes
,yes
,house
,house
,yes
,house
,yes
,yes
,yes
,yes
,yes
,yes
,yes
,yes
,yes
,yes
,yes
,yes
,yes
,yes
,yes
,yes
,yes
,yes
,yes
,yes
,yes
,yes
,yes
,yes
,yes
,yes
,yes
,yes
,yes
,yes
,yes
,yes
,yes
,yes
,yes
,yes
,yes
,yes
,yes
,yes
,yes
,yes
,yes
,yes
,yes
,yes
,yes
,yes
,house
,house
,yes
,house
,house
,house
,house
,house
,yes
,yes
,yes
,yes
,yes
,yes
,yes
,yes
,yes
,yes
,yes
,yes
,yes
,yes
,yes
,yes
,yes
,yes
,yes
,yes
,yes
,yes
,yes
,yes
,yes
,yes
,yes
,yes
,yes
,yes
,yes
,yes
,yes
,yes
,yes
,yes
,yes
,house
,house
,house
,yes
,yes
,yes
,yes
,yes
,yes
,yes
,yes
,yes
,yes
,yes
,yes
,yes
,yes
,yes
,yes
,yes
,yes
,yes
,yes
,yes
,yes
,yes
,yes
,yes
,yes
,yes
,yes
,yes
,house
,house
,garage
,house
,house
,house
,yes
,yes
,house
,yes
,house
,yes
,yes
,yes
,yes
,house
,house
,house
,house
,house
,house
,house
,house
,house
,house
,house
,house
,house
,yes
,house
,house
,house
,yes
,house
,house
,house
,house
,house
,house
,house
,house
,yes
,house
,house
,house
,house
,yes
,house
,house
,house
,house
,house
,house
,house
,house
,house
,house
,house
,house
,house
,house
,residential
,yes
,house
,house
Albert Einstein House,house
,house
,house
,house
,house
,university
,house
,house
,house
,yes
,house
,house
Whiteley Gymnasium,yes
,house
,house
,house
,house
,house
,house
,house
,yes
,house
,house
,garage
,house
,house
,house
,house
,house
,house
,house
,house
,house
Roberts Hall,dormitory
,house
Erdman Center,university
Springdale,university
,university
,house
,university
,house
,house
,yes
Adams House,university
Princeton Theological Seminary Library,yes
Carriage House,yes
,house
Tennent Hall,university
,house
,house
,house
,house
,house
,house
,house
,house
,house
,yes
,house
,house
,house
,house
,yes
,yes
,house
,house
,university
,house
,garage
,house
,house
,house
The Present Day Club,yes
Lennox House,yes
,house
,house
,house
,house
,house
,yes
,house
,house
,house
,house
,house
,house
,service
,service
,terrace
,semidetached_house
,dormitory
,dormitory
,dormitory
,dormitory
,dormitory
,dormitory
Stony Brook Facility Well 3,yes
,apartments
,apartments
,apartments
,yes
,yes
,yes
,shed
,roof
Springdale Clubhouse,yes
,service
Nassau Swim Club,yes
,terrace
,terrace
Skillman Furniture,yes
,roof
Theater Drive Garage,university
Wawa,yes
Princeton,train_station
Effron Music Building,university
,dormitory
,dormitory
,dormitory
,dormitory
,dormitory
,yes
,yes
,yes
,yes
,yes
,yes
Forbes College,dormitory
Wallace Dance Building and Theater,university
,university
Arts Tower,university
Roots Ocean Prime,yes
The Dinky Bar & Kitchen,yes
McCarter Theater Center,yes
6,dormitory
4,dormitory
,roof
,roof
,roof
,roof
,roof
,roof
,roof
,roof
,roof
,roof
,yes
,yes
,roof
,roof
,university
Cogeneration Plant,university
,university
MacMillan,university
MacMillan Annex,university
200 Elm,yes
,yes
New South,yes
8,university
5,dormitory
7,university
Fisher Hall,university
3,dormitory
2,dormitory
1,dormitory
Dillon Gymnasium,yes
Hobey Baker Memorial Ice Rink,yes
,dormitory
Patton Hall,university
Walker Hall,dormitory
Wright Hall,dormitory
Cuyler Hall,university
1903 Hall,dormitory
Brown Hall,university
Princeton University Art Museum,yes
Dodge Hall,university
Pyne Hall,dormitory
,yes
Henry Hall,dormitory
Laughlin/1901 Hall,dormitory
Foulke Hall,university
Little Hall,university
Buyers Hall,university
Witherspoon Hall,university
Morrison Hall,university
Alexander Hall,university
,garage
,garage
,garage
,garage
,garage
,garage
,garage
,garage
,garage
,yes
,house
,house
ECP Building,university
,apartments
,apartments
,apartments
,apartments
,apartments
,apartments
,apartments
,yes
,house
,yes
,garages
,apartments
,apartments
,yes
,apartments
,apartments
,apartments
,house
,house
,house
,house
,house
,house
,house
,house
,house
,house
,apartments
,apartments
,apartments
,apartments
,apartments
,apartments
,yes
,yes
,house
,house
,garage
,house
,house
,house
,residential
,residential
,garage
,garage
,garage
,yes
,house
,university
,yes
,yes
Mackay Campus Center,school
Brown Hall,dormitory
Adminstration Building,university
Miller Chapel,yes
Stuart Hall,university
,house
,house
,house
,shed
,house
West Lodge,residential
Wyman House,residential
Wyman Cottage,residential
Old Graduate College,dormitory
New Graduate College,dormitory
,house
,house
,yes
,yes
,house
,yes
,house
,yes
,yes
College Road Apartments,university
,dormitory
Templeton Hall,school
Hodge Hall,dormitory
Hodge House,university
Alexander Hall,dormitory
Scheide Hall,university
,garage
Archibald Alexander House,university
,house
,garage
,house
,dormitory
,dormitory
,dormitory
Helm Building,university
306 Alexander Street,university
294 Alexander Street,university
292 Alexander Street,university
,roof
Lakeside Garage,yes
,dormitory
Metro North,yes
350 Alexander Street,university
,dormitory
,dormitory
,dormitory
,dormitory
,dormitory
,dormitory
,dormitory
,dormitory
,dormitory
,dormitory
#2,yes
#1,yes
,yes
,yes
Jose Enrique Feliciano Hall,dormitory
Kwanza Jones,dormitory
Mannion,dormitory
,pavilion
,roof
,roof
,university
,utility
Chilled Water Plant,university
South Guard Booth,yes
Addy & Aliya Kanji,dormitory
Bloomberg Hall,dormitory
,dormitory
,dormitory
,dormitory
,yes
,university
Jadwin Hall,university
McDonnell Hall,university
Fine Hall,university
,yes
Lewis Library,yes
Peyton Hall,university
Briger Hall,university
Grousbeck,dormitory
Fu,dormitory
Hariri,dormitory
1912 Pavilion,yes
Carl Icahn Laboratory,university
Scully Hall,dormitory
Lewis Thomas Laboratory,university
Schultz Laboratory,university
,yes
,yes
Wu Hall,dormitory
Frist Health Center,university
Eno Hall,university
Feinberg Hall,university
McCosh Health Center,university
Jones Hall,university
Prospect House,university
Woolworth Hall,university
1879 Hall,university
Architecture School,university
Moffett Laboratory,university
Eric and Wendy Schmidt Hall,construction
Guyot Hall,university
Center for Jewish Life,university
Frist Campus Center,university
Terrace Club,yes
Campus Club,yes
Tower Club,yes
Cannon Dial Elm Club,yes
Robertson Hall,university
Quadrangle Club,yes
Ivy Club,yes
Cottage Club,yes
,yes
Colonial Club,yes
Tiger Inn,yes
Carl A. Fields Center,university
Sherrerd Hall,university
Mudd Library,university
E Wing,university
Laura Wooten Hall,university
McCosh Hall,university
Dickinson Hall,university
Julis Romo Rabinowitz Building,university
20 Washington Road,yes
Green Hall,university
Aaron Burr Hall,university
161 Nassau Court,university
165 Nassau Court,university
171 Nassau Court,university
,yes
,yes
,Appartment
,yes
Two Dickinson Street Co-op,detached
,house
,house
Procter House,detached
,yes
,yes
,house
,apartments
,house
,house
,house
,house
,house
,house
18-40 Edwards Place,dormitory
,university
,house
,house
,garage
,house
,house
,house
,house
Ivy Hall,yes
,house
,house
48 University Place,university
,yes
,yes
,yes
Lockhart Hall,dormitory
,apartments
36 University Place,university
Blair Hall,dormitory
Joline Hall,university
Campbell Hall,university
,university
,yes
,university
,university
,university
,yes
23 University Place,university
19 University Place,university
,yes
11 University Place,university
,house
,house
,house
,house
,yes
,yes
,yes
,yes
,yes
,yes
Hamilton Hall,dormitory
Madison Hall,dormitory
Holder Hall,dormitory
,retail
,retail
,retail
,retail
,retail
,retail
,yes
4 Mercer Street,university
,retail
,retail
,retail
,house
Graduate by Hilton Princeton,retail
Nassau Christian Center,church
,house
,house
,retail
,yes
Palmer Guest House,university
,house
,house
,house
,house
,house
Palmer House Cottage,university
,house
,university
,house
,retail
,retail
,house
22 Chambers Street,university
,retail
Chambers Street Garage,yes
,retail
Princeton Entrepreneurial Hub,university
,house
Dod Hall,university
Edwards Hall,university
Clio Hall,university
Whig Hall,university
Nassau Hall,university
East Pyne Hall,university
Chancellor Green,university
Henry House,university
Scheide Caldwell House,university
,yes
Stanhope Hall,university
Nassau Presbyterian Church,yes
Maclean House,university
The Kiosk,retail
,retail
,retail
,retail
,retail
,retail
,retail
Murray Theater,university
Princeton University Chapel,yes
Firestone Library,yes
,retail
Bainbridge House,yes
,retail
Garden Theater,yes
,house
,retail
Princeton United Methodist Church,church
,retail
Faherty,retail
,retail
,retail
Hermès,retail
,retail
,retail
,retail
,retail
Triumph Brewing Company,yes
,retail
,retail
,retail
,retail
,retail
Alfalfa,retail
J S Foodies,retail
,retail
Princeton Record Exchange,retail
,house
,yes
,retail
,retail
,retail
Nassau Inn,yes
,retail
,retail
,retail
,retail
,retail
,house
,apartments
,residential
illy Coffee At Earth's End Princeton,retail
,house
,house
,retail
,house
,house
,retail
,retail
,retail
,retail
,retail
,retail
,retail
,retail
Halo Pub,yes
,retail
Spring Street Garage,garage
,house
,house
,house
,house
,house
,house
,house
,house
,house
,yes
,house
,house
,house
,house
Milk Money,retail
,house
Salon 54,retail
,house
,house
,house
Fisher Hall,university
Bendheim Hall,university
Center for Statistics and Machine Learning,university
Corwin Hall,university
Wallace Hall,university
Louis A. Simpson International Building,university
Hoyt Lab,university
Princeton University Press,university
,yes
,yes
Computer Science Building,university
Friend Center,university
C Wing,university
,yes
,yes
,yes
,yes
66 William Street,university
B Wing,university
F Wing,university
,yes
,yes
,yes
,yes
,yes
,yes
,yes
,yes
,yes
185 Nassau Street,university
159 Nassau Street,university
177 Nassau Court,university
163 Nassau Street,university
169 Nassau Street,university
175 Nassau Street,retail
183 Nassau Street,retail
,retail
,retail
,retail
,retail
,yes
,yes
,yes
,yes
,yes
,retail
,yes
,yes
201 Nassau Street,university
,retail
Thai delight,retail
,retail
,retail
,retail
,retail
,retail
,house
Charlotte W. Newcombe Foundation,yes
,house
,house
,yes
199 Nassau Street,university
,yes
194 Nassau Street,university
,retail
,retail
,retail
,retail
,retail
,retail
,yes
,yes
Olden House,university
,yes
Craft Cleaners,retail
,retail
221 Nassau Street,university
,retail
Verizon,yes
,retail
,house
,house
,house
,house
,house
,house
,house
,house
,house
,house
Copper River Salon & Spa,retail
E Y Staats & Company,retail
St. Paul's Catholic Church,church
,house
,house
,house
Saint Paul School,school
,school
,house
,house
,house
,house
,house
,house
,house
,house
,house
,yes
,house
,house
,retail
,retail
,retail
,retail
Nassau Inn,yes
Alo Yoga,yes
,retail
,retail
,residential
,residential
,retail
,residential
,yes
,yes
,yes
Dorothea's House,yes
,house
,house
,house
,house
,residential
,residential
,yes
,house
,house
,house
Paul Robeson Center for the Arts,yes
,house
,house
,house
,yes
,yes
,yes
,yes
,yes
,yes
,yes
,yes
,yes
,yes
,house
,house
,yes
,yes
,yes
,yes
,yes
,yes
,yes
,yes
,yes
,house
,house
,house
,house
,garage
,yes
,house
,yes
,house
,house
,house
,house
,house
,house
,house
,house
,house
,yes
,yes
,house
,house
,yes
,house
,yes
,yes
,yes
,yes
,yes
,yes
,house
,house
,house
,house
,house
,house
,church
,detached
,detached
,detached
Jay's Cycles,retail
,yes
,retail
,retail
锦里 SC house,retail
Princeton Violin,yes
Hoagie Haven,retail
Pizza Den,yes
BurgerRunn,retail
,retail
,house
,house
,house
,house
,house
,house
,house
,house
,house
,house
,house
,house
,retail
,yes
,house
,retail
,house
,retail
Princeton Engine Company No. 1,yes
,yes
,house
,yes
,yes
,house
,house
,yes
,yes
,yes
,yes
,house
,house
,house
,house
,house
,residential
,residential
,house
,house
,house
,house
,retail
,yes
,yes
,yes
,yes
,yes
,yes
,yes
,yes
,yes
,house
,house
,house
,house
,house
,house
,house
,house
,house
,house
,yes
,house
,yes
,house
,yes
,yes
,house
,yes
,yes
,house
,yes
,house
,yes
,yes
,yes
,house
,yes
,yes
,yes
,house
,house
,house
,house
,house
Kimble Funeral Home,retail
,house
,house
,house
,house
,house
,house
,house
,house
,house
,house
,house
,house
,house
,house
,house
Mather-Hodge Funeral Home,retail
,house
,house
,house
Vandeventer Apartments,apartments
,house
,house
,house
,house
,house
,house
,house
,house
,house
,house
,house
,house
,house
,house
,house
,retail
,retail
,retail
Princeton Public Library,yes
,yes
,yes
,yes
,house
,house
,yes
,house
,house
,house
,house
,house
,house
,house
,yes
,house
,yes
,house
,house
,house
,house
,house
,yes
,house
,house
,house
,house
,house
,house
,house
,house
,house
,house
,house
,garage
,house
,residential
,yes
,house
,house
,house
,house
,yes
,house
,house
,house
,house
,residential
Studio One60,yes
,retail
,residential
,residential
,house
,house
,yes
,house
,house
,yes
,house
,yes
,house
,house
,house
,house
,house
,house
,house
,yes
,yes
,yes
,yes
,yes
,yes
,yes
,yes
,yes
,yes
,apartments
,semidetached_house
,semidetached_house
,apartments
,retail
,apartments
,office
,church
,residential
,house
,yes
,yes
,yes
,yes
,yes
,yes
,yes
,yes
,yes
,yes
,yes
,yes
,yes
,yes
,yes
,yes
,yes
,yes
,yes
,yes
,yes
,yes
,yes
,yes
,yes
,yes
,yes
,yes
,yes
,yes
,yes
,yes
,yes
,yes
,yes
,yes
,yes
,yes
,yes
,yes
,yes
,yes
,yes
,yes
,yes
,yes
,yes
,yes
,yes
,yes
,yes
,yes
,yes
,yes
,yes
,yes
,yes
,yes
,yes
,yes
,yes
,house
,yes
,house
,yes
,house
,house
,yes
,house
,house
,yes
,yes
,yes
,yes
,yes
,yes
,yes
,yes
,yes
,yes
Launch House,university
Class of 1887 Boathouse,university
Embodied Computation Lab,yes
Frick Chemistry Laboratory,university
,stadium
Commons,university
Cap and Gown Club,yes
Cloister Inn,yes
Charter Club,yes
Bobst Hall,university
Jadwin Gymnasium,yes
DeNunzio Pool,yes
Caldwell Field House,yes
,yes
,university
,house
,house
,yes
,house
,garage
Stadium Drive Garage,yes
Thermal Energy Storage Tank,storage_tank
Thermal Energy Storage Tank,storage_tank
T.I.G.E.R.,industrial
University NOW Day Nursery,school
Space Physics Group,university
Rubin Observatory Group,university
Office of Information Technology,university
,house
,house
,yes
,house
,house
,house
,house
,house
,house
,house
,house
,house
,house
,house
,house
,house
,house
,house
,house
,house
,house
,house
,house
,house
,yes
,house
,garage
,yes
114 Prospect Avenue,university
116 Prospect Avenue,university
,house
Prospect Apartments,dormitory
,house
,house
,house
,house
,house
,house
,house
,house
,house
,house
,yes
,house
,house
,house
,house
Von Neumann Lab,university
,yes
,house
,yes
,house
Maeder Hall,university
Bowen Hall,university
Prospect Avenue Garage,yes
Andlinger Center,university
A Wing,university
G Wing,university
D Wing,university
J Wing,university
,yes
,yes
,house
,house
,house
,house
,house
,house
,house
,house
,house
,house
,house
,house
,house
,house
,house
,house
,house
,house
,house
,house
,yes
,yes
,house
,house
,house
,house
,house
,house
,house
,house
,house
,residential
,residential
,house
,residential
,house
,residential
,house
,house
,house
,house
,house
,house
,house
,house
,house
,house
,house
,house
,house
,house
,house
,house
,house
,house
,garage
,garage
,garage
,house
,house
,house
,house
,house
,house
,house
,house
,house
,house
,house
,house
,house
,house
,garage
,house
,house
,house
,house
,house
,house
,house
,house
,house
,house
,house
,house
,house
,house
,house
,house
,house
,house
,house
,house
,house
,house
,house
,house
,house
,house
,house
,house
,house
,house
,house
,house
,house
,house
,house
,house
,house
,house
,house
,house
,house
,house
,house
,house
,house
,house
,house
,house
,house
,house
,house
,house
,house
,house
,house
,house
,house
,house
,house
,house
,house
,house
,house
,house
,house
,house
,house
,house
,house
,house
,house
,house
,house
,house
,house
,house
,house
,house
,house
,house
,house
,house
,house
,house
,house
,house
,house
,house
,house
,house
,house
,house
,house
,house
,house
,house
,house
,house
,house
,house
,house
,house
,house
,house
,house
,house
,house
,house
,house
,house
,house
,house
,house
,house
,house
,house
,house
,house
,house
,house
,house
,house
,house
,house
,house
,house
,house
,house
,house
,house
,house
,house
,house
,house
,house
,house
,house
,house
,house
,house
,house
,house
,house
,house
,house
,house
,house
,house
,house
,house
,house
,house
,house
,house
,house
,house
,house
,house
,house
,house
,house
,house
,house
,house
,house
,house
,house
,house
,house
,house
,house
,house
,house
,house
,house
,house
,house
,house
,house
,house
,house
,house
,house
,house
,house
,house
,house
,house
,house
,house
,house
,house
,house
,house
,house
,house
,house
,house
,house
,house
,house
,house
,house
,house
,house
,house
,house
,house
,house
,house
,house
,house
,house
,house
,house
,house
,house
,house
,house
,house
,house
,house
,house
,house
,house
,house
,house
,house
,house
,house
,house
,house
,house
,house
,house
,house
,house
,house
,yes
,house
,yes
,house
,yes
,house
,house
,yes
,house
,house
,house
172-190 Prospect Avenue,university
,house
,house
,house
,house
,house
,house
,house
,yes
,yes
,house
,yes
,house
,yes
,house
,yes
,house
,house
,house
,house
,house
,house
,house
,house
,house
,house
,house
,house
,house
,yes
,house
,house
,house
,house
,house
,house
,house
,house
,house
,house
,house
,house
,house
,house
,house
,house
,house
,house
,house
,house
,house
,house
,house
,house
,house
,house
,house
,house
,yes
,yes
,yes
,yes
,yes
Le Kiosk,yes
,yes
Gulf,yes
,retail
Berlitz,yes
,house
Sunoco,retail
,house
,house
,house
,house
,house
,house
,house
,house
,house
,house
,garage
,house
,house
,house
,house
,house
,house
,house
,house
,house
,house
,house
,house
,house
,house
,house
,house
,house
,house
,house
,house
,house
,house
,house
,house
,house
,house
,house
,garage
,house
,house
,house
,house
,house
,house
,house
,house
,house
,house
,house
,house
,house
,house
,house
,house
,house
,house
,house
,house
,house
,house
,house
,house
,house
,house
,house
,house
,house
,house
,house
,house
,house
,house
,house
,house
,house
,house
,house
,house
,house
,house
,house
,house
,house
,house
,house
,house
,house
,house
,house
,house
,house
,house
,house
,house
,house
,house
,house
,house
,house
,house
,house
,house
,house
,house
,garage
,house
,house
,house
,house
,house
,house
,house
,house
,house
,house
,house
,house
,house
,house
,house
,house
,house
,house
,house
,house
,house
,house
,house
,house
,house
,house
,house
,house
,house
,house
,house
,house
,house
,house
,house
,house
,house
,house
,house
,house
,house
,house
,house
,house
,house
,house
,house
,house
,house
,house
,house
,house
,house
,house
,house
,house
,house
,house
,house
,house
,house
,house
,house
,house
,house
,house
,house
,house
,house
,house
,house
,house
,house
,house
,house
,house
,house
,house
,house
,house
,house
,house
,house
,house
,house
,house
,house
,house
,house
,house
,house
,house
,house
,house
,house
,house
,house
,house
,house
,house
,house
,house
,house
,house
,house
,house
,house
,house
,house
,house
,house
,house
,yes
,yes
,yes
,yes
,yes
,yes
,yes
,yes
,yes
,house
,house
,house
,house
,house
,house
,house
,house
,house
,house
,house
,house
,house
Michael Graves & Associates,yes
,house
RE/MAX of Princeton,yes
,house
Michael Graves Design Group,retail
,house
Eastridge Design Home,retail
,house
,yes
,yes
,yes
,house
,yes
,yes
,yes
,house
,yes
,yes
,house
,house
,garage
,house
,house
,house
,house
,yes
The McCarthy Building,yes
Patricia's Hair Design,yes
,yes
,yes
,house
,yes
,yes
,house
,yes
,yes
,yes
,house
,house
,house
,house
,house
,house
,house
,house
,house
,house
,residential
,house
,yes
,yes
,house
Merrill Lynch,retail
,yes
,house
,house
Princeton Hook and Ladder Company,yes
,house
,house
,yes
,yes
,yes
,house
,yes
,house
,house
,house
,house
,house
,house
,house
,house
,house
,house
,house
,house
,house
,house
,house
,house
,house
,house
,house
,house
,house
,house
,house
,house
,house
,house
,house
,house
,house
,house
,house
,house
,house
,house
,house
,house
,house
,house
,house
,house
,house
,house
,house
,house
,house
,house
,house
,house
,house
,house
,house
,house
,house
,house
,house
,house
,house
,house
,house
,house
,house
,house
,house
,house
,residential
361 Design Group,yes
,residential
North End Bistro,yes
,house
,yes
,yes
,house
,yes
Bank of America,yes
,house
,house
,house
,house
,house
,house
,house
,house
,house
,house
,house
,house
,house
,house
,school
,house
,yes
,house
,yes
,house
,residential
,residential
,residential
,house
,residential
,residential
,house
,house
,residential
,house
,house
Lutheran Church of the Messiah,church
,yes
,house
,house
,house
,house
,house
,house
,house
,yes
,house
,yes
,residential
,residential
,residential
,residential
,residential
,residential
,residential
,residential
,residential
,residential
,house
,residential
,house
,residential
,residential
,residential
,residential
,house
,house
,house
,residential
,house
,house
,house
,house
,house
,house
,house
,house
,residential
,house
,house
,house
,house
,house
,house
,house
,residential
,residential
,residential
,residential
,residential
,yes
,residential
,residential
,residential
,residential
,house
,house
,house
,house
,house
,house
,house
,house
,house
,house
,house
,house
,residential
,house
,house
,house
,house
,house
,house
,house
,house
,house
,house
,yes
,house
,house
,house
,house
,house
,house
,house
,house
,house
,house
,house
,house
,house
,house
,house
,house
,residential
,house
,residential
,house
,house
,house
,house
,house
,house
,house
,yes
,yes
,yes
,yes
,yes
,yes
,yes
,yes
,yes
,yes
,yes
,house
,house
,house
,house
,yes
,house
,house
,yes
,house
,yes
,yes
,yes
,yes
,yes
,yes
,yes
,yes
,yes
,yes
,yes
,yes
,yes
,yes
,yes
,yes
,yes
,yes
,yes
,yes
,yes
,yes
,yes
,yes
,yes
,yes
,yes
,yes
,yes
,yes
,yes
,yes
,yes
,yes
,yes
,house
,yes
,yes
,yes
,yes
,yes
,yes
,yes
,yes
,yes
,yes
,yes
,house
,yes
,house
,yes
,house
,house
,house
,house
,house
,house
,garage
,house
,yes
,yes
,house
,yes
,house
,yes
,house
,yes
,yes
,house
,yes
,yes
,house
,yes
,yes
,yes
,yes
,yes
,yes
,house
,yes
Lowrie House,house
,house
,house
,house
,house
,house
,house
,house
,house
,house
,house
,house
,house
,house
,house
,house
,yes
,house
,yes
,yes
,house
,yes
,house
,house
,yes
,yes
,house
,yes
,house
,yes
,yes
Morven Museum,yes
,yes
Princeton Borough Municipal Building,yes
,house
,yes
,house
,house
,yes
,house
,house
,house
,house
,house
,house
,house
,house
,yes
,house
,yes
,house
,house
,house
,yes
,house
,house
,yes
,house
,house
,yes
,house
,yes
,house
,house
,house
,house
,house
,house
,yes
,house
,house
,house
,yes
,yes
,yes
,yes
,house
,yes
,yes
,house
The Peacock Inn,yes
,house
,yes
,house
,house
,house
,yes
,house
,house
,house
,house
,yes
,yes
,yes
,house
,yes
,house
,yes
,yes
,house
,house
,house
,house
,house
,house
,house
,house
,house
,house
,house
,yes
,yes
,house
,house
,house
,house
,yes
,house
,house
,house
,house
,house
,house
,house
,house
,house
,house
,house
,house
,house
,house
,house
,house
,house
,house
,house
,house
,house
,yes
,house
,house
,house
,house
,house
,yes
,house
,house
,house
,yes
,house
,house
,house
,house
,yes
,yes
,house
,yes
,shed
,house
,garage
,house
,house
,house
,house
,house
,house
,house
,house
,house
,house
,house
,house
,shed
,house
,house
,house
,house
,house
,house
,house
,house
,house
,house
,house
,house
,house
,house
,house
,house
,house
,house
,yes
,house
,house
,house
,house
,house
,house
,house
,house
,yes
,yes
,house
,yes
,house
,house
,house
,house
,house
,house
,house
,house
,house
,house
,house
,house
,house
,house
,yes
,house
,house
,house
,house
,house
,yes
,yes
,house
,school
,house
YMCA Child Care,yes
,yes
,yes
,house
,yes
,yes
,residential
,house
,house
,yes
,yes
,house
,house
,house
,house
Westland Mansion,house
,yes
,house
,house
,house
,house
,house
,yes
,house
,house
,house
,house
,house
,house
,house
,house
,yes
,yes
,yes
,yes
,yes
,yes
,house
,yes
,yes
,yes
,house
,house
,house
,house
,yes
,yes
,house
,yes
,house
,yes
,house
,yes
,house
,house
,house
,house
,house
,yes
,house
,house
,yes
,yes
,yes
,yes
,yes
,yes
,yes
,yes
,yes
,yes
,yes
,yes
,house
,yes
,house
,yes
,yes
,yes
,yes
,yes
Johnson Park School,school
,yes
,house
,house
,house
,house
,house
,house
,house
,yes
,yes
,yes
,yes
,yes
,yes
,yes
,yes
,yes
,yes
,yes
,yes
,yes
,yes
,yes
,yes
,yes
,yes
,yes
,yes
,yes
,house
,yes
,yes
,house
,yes
,house
,yes
,house
,yes
,yes
,yes
,yes
,yes
,yes
,yes
,yes
,yes
,yes
,yes
,yes
,house
,house
,house
,house
,house
,house
,house
,house
,house
,house
,yes
,yes
,yes
,yes
,yes
,yes
,yes
,yes
,yes
,yes
,yes
,yes
,yes
,yes
,yes
,yes
,yes
,yes
,yes
,yes
,yes
,yes
,yes
,yes
,yes
,yes
,yes
,yes
,yes
,yes
,house
,house
,house
,house
,yes
,house
,house
,house
,house
,yes
,house
,house
,house
,shed
,house
,house
,house
,house
,house
,house
,house
,house
,house
,house
,house
,house
,house
,house
,house
,house
,house
,house
,house
,house
,house
,house
,house
,house
,house
,house
,shed
,house
,house
,house
,house
,house
,house
,house
,yes
,house
,house
,house
,house
,house
,house
,house
,house
,house
,house
,house
,house
,yes
,house
,house
,yes
,house
,house
,house
,yes
,house
,house
,house
,house
,house
,house
,house
,house
,house
,house
,house
,house
,house
,house
,house
,house
,yes
,house
,house
,house
,house
,house
,house
,house
,house
,house
,house
,house
,yes
,house
,yes
,house
,house
,yes
,house
,house
,house
,house
,yes
,yes
,house
,yes
,yes
,yes
,yes
,yes
,yes
,yes
,yes
,yes
,yes
,yes
,yes
,yes
,yes
,yes
,yes
,yes
,yes
,yes
,yes
,yes
,yes
,yes
,yes
,yes
,yes
,yes
,yes
,yes
,yes
,yes
,house
,yes
,yes
,yes
,yes
,yes
,yes
,yes
,yes
,yes
,yes
,yes
,yes
,yes
,yes
,yes
,yes
,yes
,yes
,yes
,yes
,yes
,yes
,yes
,yes
,yes
,yes
,yes
,yes
,yes
,yes
,yes
,yes
,yes
,yes
,yes
,yes
,yes
,yes
,yes
,yes
,yes
,yes
,yes
,yes
,yes
,yes
,yes
,yes
,yes
,yes
,yes
,yes
,yes
Shell,yes
,yes
,yes
,yes
,yes
,yes
,yes
,yes
,yes
,yes
,yes
,yes
,yes
,yes
,yes
,yes
,yes
,yes
,yes
,yes
,yes
,yes
,yes
,yes
,yes
,yes
,yes
,yes
,yes
,yes
,yes
,yes
,yes
,yes
,yes
,yes
,yes
,yes
,yes
,yes
,yes
,yes
,yes
,yes
,yes
,yes
,yes
,yes
,yes
,yes
,yes
,yes
,yes
,yes
,yes
,yes
,yes
,yes
,yes
,yes
,yes
,yes
,yes
,yes
,yes
,yes
,yes
,yes
,yes
,yes
,yes
,yes
,yes
,yes
,yes
,yes
,yes
,yes
,yes
,yes
,yes
,yes
,yes
,yes
,yes
,yes
,yes
,yes
,yes
,yes
,yes
,yes
,yes
,yes
,yes
,yes
,yes
,yes
,yes
,yes
,yes
,yes
,yes
,yes
,yes
,yes
,house
,house
,house
,house
,yes
,yes
,yes
,yes
,yes
,house
,yes
,house
,yes
,house
,yes
,yes
,yes
,house
,house
,yes
,yes
,yes
,yes
,yes
,yes
,yes
,yes
,yes
,yes
,yes
,yes
,house
,yes
,yes
,yes
,yes
,yes
,yes
,yes
,yes
,yes
,yes
,yes
,yes
,yes
,yes
,yes
,yes
,yes
,yes
,yes
,yes
,yes
,yes
,yes
,yes
,yes
,yes
,yes
,yes
,yes
,yes
,yes
,yes
,yes
,yes
,yes
,yes
,yes
,yes
,yes
,yes
,yes
,yes
,yes
,yes
,yes
,yes
,yes
,yes
,yes
,yes
,yes
,yes
,yes
,yes
,yes
,yes
,yes
,yes
,yes
,yes
,yes
,yes
,yes
,yes
,yes
,yes
,yes
,yes
,house
,yes
,yes
,yes
,yes
,yes
,yes
,yes
,yes
,house
,house
,yes
,yes
,yes
,yes
,yes
,yes
,yes
,yes
,yes
,yes
,yes
,yes
,yes
,yes
,yes
,yes
,yes
,yes
,yes
,yes
,yes
,yes
,yes
,yes
,yes
,yes
,yes
,yes
,yes
,yes
,yes
,yes
,yes
,yes
,yes
,yes
,yes
,yes
,yes
,yes
,yes
,yes
,yes
,yes
,yes
,yes
,yes
,yes
,yes
,yes
,yes
,yes
,yes
,yes
,house
,yes
,house
,house
,yes
,barn
,barn
,yes
,yes
,yes
,yes
,yes
,yes
,yes
,yes
,yes
,yes
,yes
,yes
,yes
,yes
Mountain Lakes House,yes
,house
,yes
,house
,yes
,house
,house
,house
,yes
Stuart Country Day School of the Sacred Heart,school
,yes
,yes
,yes
,house
,house
,house
,house
,house
,house
,house
,house
,house
,house
,house
,house
,house
,house
,house
,house
,house
,house
,house
,house
,house
,house
,house
,house
,house
,house
,house
,house
,house
,house
,yes
,yes
,yes
,house
,house
,house
,yes
,yes
,yes
,yes
,house
,house
,house
,house
,house
,house
,house
,house
,yes
,house
,house
,house
,house
,house
,house
,house
,house
,house
,house
,house
,house
,house
,yes
,house
,yes
,house
,house
,yes
,house
,house
,house
,house
,house
,house
,house
,house
,house
,house
,house
,yes
,house
,house
,house
,house
,house
,house
,house
,house
,house
,yes
,house
,house
,house
,house
,house
,house
,house
,house
,house
,house
,house
,house
The Jewish Center of Princeton,yes
,house
University League Nursery School,yes
,house
,house
,yes
,yes
,house
,yes
,yes
,yes
,house
,house
,house
,house
,house
,house
,house
,house
,house
,house
,house
,yes
,house
,house
,house
,house
,house
,house
,yes
,house
,house
,house
,house
,house
,house
,house
,house
,house
,house
,house
,house
,house
,house
,yes
,yes
,house
,house
,house
,yes
,yes
,house
,house
,house
,house
,house
,house
,house
,yes
,house
,house
,house
,house
,house
,house
,house
,house
,house
,house
,house
,house
,house
,house
,yes
,yes
,house
,house
,house
,yes
,yes
,house
,house
,yes
,house
,house
,yes
,house
,house
,house
,house
,house
,house
,house
,house
,house
,house
,yes
,yes
,house
,house
,house
,house
,house
,house
,house
,house
,house
,house
,house
,house
,house
,house
,house
,house
,house
,house
,house
,house
,house
,house
,house
,house
,house
,house
,house
,house
,house
,house
,house
,house
,house
,house
,house
,house
,house
,house
,house
,house
,house
,house
,house
,house
,house
,house
,house
,house
,house
,house
,house
,house
,house
Nassau Arms Building 3,residential
,house
,residential
,house
,house
,house
,house
,house
,house
,house
,house
,house
,yes
,house
,house
,house
,house
,house
,house
,house
,house
,house
,house
,house
,house
,house
,house
,house
,house
,house
,house
,house
,house
,house
,house
,house
,house
,house
,house
,house
,house
,house
Nassau Arms Building 2,residential
,house
Nassau Arms Building 1,residential
,house
,yes
,house
,house
,house
,house
,house
,house
,house
,house
,house
,house
,yes
,house
,house
,house
,house
,house
,yes
,house
,house
,yes
,house
,house
,house
,house
,house
,house
,house
,house
,house
,yes
,house
,yes
,house
,yes
,yes
,house
,yes
,yes
,yes
,yes
,house
,house
,house
,yes
,house
,house
,house
,yes
,house
,house
,house
,house
,house
,house
,house
,house
,yes
,house
,yes
,house
,house
,yes
,yes
,house
,house
,house
,house
,house
,house
,house
,yes
,yes
,house
,house
,yes
,house
,house
,yes
,house
,yes
,house
,house
,house
,house
,house
,house
,house
,house
,house
,yes
,house
,yes
,yes
,house
,house
,house
,house
,house
,house
,house
,yes
,house
,house
,house
,house
,yes
,yes
,house
,house
,house
,house
,house
,house
,house
,house
,house
,house
,house
,house
,house
,house
,house
,house
,yes
,house
,house
,house
,house
,house
,house
,house
,house
,house
,house
,house
,house
,yes
,house
,house
,house
,house
,house
,house
,house
,house
,house
,house
,house
,yes
,yes
,house
,house
,yes
,house
,house
,house
,house
,yes
,house
,house
,house
,house
,house
,house
,house
,house
,house
,yes
,house
,house
,yes
,house
,house
,yes
,yes
,house
,house
,house
,house
,house
,house
,yes
,house
,house
,house
,house
,house
,house
,house
,house
,house
,house
,house
,house
,house
,house
,house
,house
,house
,house
,house
,house
,house
,house
,house
,house
,shed
,house
,house
,shed
,yes
,house
,house
,house
,house
,house
,house
,yes
,house
,house
,yes
,yes
,yes
,yes
,house
,yes
,house
,house
,yes
,house
,house
,house
,house
,house
,house
,house
,house
,house
,house
,house
,house
,house
,house
,house
,yes
,house
,house
,house
,house
,house
,house
,house
,house
,house
,house
,yes
,house
,house
,house
,yes
,yes
,house
,house
,garage
,house
,house
,house
,house
,house
,house
,house
,house
,house
,house
,house
,yes
,house
,yes
,house
,house
,house
,house
,house
,house
,house
,yes
,house
,yes
,house
,house
,yes
,house
,house
,house
,yes
,house
,house
,yes
,house
,house
,yes
,house
,house
,yes
,house
,house
,house
,house
,house
,yes
,house
,house
,house
,house
,house
,house
,house
,house
,house
,yes
,house
,house
,house
,house
,house
,house
,house
,house
,house
,house
,house
,house
,house
,house
,house
,yes
,house
,house
,house
,house
,house
,yes
,house
,house
,house
,house
,house
,house
,house
,house
,house
,yes
,house
,house
,house
,house
,yes
Walgreens,yes
,retail
Avalon,residential
,house
,house
,house
,house
,house
,house
,house
,house
,yes
,house
,yes
,house
,house
,house
,house
,house
,house
,house
,yes
,house
,house
,yes
,house
,house
,house
,house
,house
,house
,house
,house
,house
,yes
,house
,house
,house
,yes
,house
,yes
,house
,house
,house
,house
,house
,house
,house
,house
,house
,house
,house
,house
,yes
,house
,yes
,house
,house
,house
,house
,house
,house
,house
,house
,house
,house
,house
,house
,house
,house
,house
,house
,house
,house
,house
,house
,house
,house
,yes
,house
,house
,house
,house
,house
,yes
,house
,house
,house
,yes
,house
,house
,house
,house
,house
,house
,house
,house
,house
Littlebrook ES,yes
,house
,house
,house
,house
,house
,house
,yes
,house
,house
,house
,house
,house
,house
,yes
,house
,house
,house
,house
,house
,house
,house
,yes
,house
,house
,house
,house
,house
,house
,yes
,house
,house
,house
,house
,house
,house
,yes
,house
,house
,yes
,house
,house
,house
,house
,house
,yes
,house
,house
,house
,yes
,house
,house
,house
,house
,house
,house
,house
,house
,house
,house
,house
,house
,house
,house
,house
,house
,house
,yes
,house
,house
,house
,house
,house
,house
,house
,house
,house
,house
,house
,house
,house
,house
,house
,house
,house
,house
,house
,house
,yes
,house
,yes
,house
,yes
,house
,house
,house
,house
,house
,house
,yes
,house
,house
,house
,house
,house
,house
,house
,house
,house
,house
,house
,house
,house
,house
,house
,house
,house
,house
,house
,house
,house
,house
,house
,yes
,house
,house
,house
,house
,house
,house
,house
,house
,house
,house
,house
,house
,house
,house
,house
,house
,house
,house
,house
,house
,house
,house
,house
,house
,yes
,house
,house
,garage
,house
,house
,house
,yes
,house
,house
,house
,house
,house
,yes
,house
,house
,yes
,house
,house
,house
,house
,house
,house
,house
,yes
,house
,house
,house
,house
,yes
,yes
,house
,house
,house
,house
,house
,yes
,yes
,house
,house
,house
,yes
,house
,yes
,house
,yes
,house
,house
,house
,house
,house
,house
,house
,house
,house
,house
,house
,house
,house
,house
,house
,house
,house
,house
,house
,house
,house
,house
,house
,house
,house
,house
,house
,house
,house
,house
,house
,house
,house
,house
,house
,house
,house
,house
,yes
,house
,house
,house
,house
,house
,house
,house
,house
,house
,house
,yes
,house
,commercial
,garage
,house
,house
,house
,house
,house
,house
,house
,house
,house
,yes
,yes
,yes
,house
,yes
,yes
,yes
,yes
,yes
,house
,house
,house
,house
,house
,house
,house
,house
,house
,house
,house
,residential
,yes
,yes
,house
,yes
,yes
,house
,yes
,house
,house
,yes
,house
,house
,house
,house
,house
,house
,house
,house
,yes
,yes
,yes
,yes
,house
,yes
,yes
,yes
,house
,yes
,house
,yes
,house
,house
,yes
,house
,house
,house
,house
,house
,house
,house
,house
,house
,house
,house
,house
,house
,house
,house
,house
,house
,house
,house
,house
,house
,house
,house
,house
,house
,house
,house
,house
,house
,house
,house
,house
,house
,house
,house
,house
,house
,house
,yes
,house
,house
,yes
,house
,house
,house
,house
,house
,house
,yes
,yes
,house
,yes
,yes
,house
,house
,yes
,house
,yes
,house
,house
,house
,yes
,house
,house
,house
,yes
,house
,house
,house
,house
,house
,house
,house
,house
,house
,house
,house
,house
,yes
,house
,yes
,house
,yes
,house
,house
,residential
,residential
,yes
,house
,house
,house
,house
,house
,house
,house
,house
,yes
,house
,house
,house
,house
,house
,house
,house
,house
,house
,house
,house
,house
,house
,house
,house
,house
,house
,house
,yes
,house
,house
,house
,house
,house
,house
,house
,house
,house
,house
,yes
,yes
,house
,house
,yes
,yes
,house
,yes
,yes
,yes
,yes
,yes
,yes
,yes
,yes
,yes
,yes
,yes
,yes
,yes
,yes
,yes
,yes
,yes
,yes
,yes
,yes
,yes
,yes
,yes
,yes
,yes
,yes
,yes
,yes
,yes
,yes
,yes
,yes
,yes
,yes
,yes
,yes
,yes
,yes
,yes
,yes
,yes
,yes
,yes
,yes
,yes
La Lupita Grocery,yes
Local Greek,yes
,yes
,yes
,yes
,yes
,yes
,yes
,yes
,yes
,yes
,yes
,yes
,yes
,yes
,yes
,yes
,yes
,yes
,yes
,yes
,yes
,yes
,yes
,yes
,yes
,yes
,yes
,yes
Tortuga's Mexican Village,yes
,yes
,yes
,yes
,yes
,yes
,yes
,yes
,yes
,residential
,residential
,residential
,residential
,residential
,residential
,yes
,yes
,apartments
,yes
,yes
,yes
,yes
,yes
,yes
,yes
,yes
,yes
,yes
,house
,house
,house
,house
,house
,house
,garage
,garage
,garage
,residential
,house
,house
,house
,house
,house
,residential
,yes
,university
,university
Marion Buckelew Cullen Center,university
,house
,house
,house
,house
,house
,garage
,garage
,residential
,garage
,residential
,garage
,garage
,residential
,university
,residential
Christ Congregation,yes
,university
,university
,yes
Westminster Conservatory of Music,yes
,university
,house
,university
,university
,house
,house
,house
,house
,house
,house
,house
,house
,yes
,house
,house
,house
,yes
,house
,house
,yes
,house
,residential
,house
,residential
,residential
,residential
,residential
,school
Princeton High School,school
,house
,house
,house
,house
,yes
,house
,yes
,house
,yes
,house
,yes
,house
,house
,house
,house
,house
,house
,yes
,house
,yes
,yes
,yes
,house
,yes
,yes
,yes
,yes
,house
,house
,yes
,yes
,yes
,yes
,yes
,yes
,yes
,yes
,yes
,yes
,yes
,yes
,yes
,yes
,yes
,yes
,yes
,yes
,yes
,yes
,yes
,yes
,yes
,yes
,yes
,yes
,yes
,yes
,yes
,yes
,yes
,yes
,yes
,yes
,yes
,yes
,yes
Morning Star Church of God in Christ,yes
,yes
,yes
,yes
,yes
,yes
,yes
,yes
,yes
,yes
,yes
,yes
,house
Fellowship In Prayer,yes
,house
,house
,house
,house
,house
,house
,house
,house
,house
,house
,house
,house
,house
,house
,house
,house
,house
,house
,house
,house
,house
,yes
,yes
,storage_tank
,yes
,school
,house
,yes
Tiger Garage,yes
,yes
Princeton Fire Department,yes
,house
,house
,house
,house
,house
,house
,house
,house
,house
,house
,house
,house
,house
,house
Conte's Pizza & Bar,yes
,house
,house
,house
,house
,house
,house
,house
,house
,house
,house
,house
,house
,house
,house
,house
,house
,house
,house
,house
,house
,house
,house
,house
,house
,house
,house
,yes
,house
,house
,house
,house
,house
,house
,house
,yes
,house
,house
,house
,house
,house
,house
,house
,house
,house
,house
,house
,house
,yes
,house
,house
,house
,house
,house
,house
,house
,house
,house
,house
,house
,house
,house
,house
,house
,house
,house
,house
,house
,yes
,house
,house
,house
,house
,house
,house
,house
,house
,house
,house
,house
,house
,house
,house
,house
,house
,house
,house
,house
,house
,house
,house
,house
,house
,house
,house
,house
,house
,garage
,house
,house
,house
,house
,house
,house
,house
,house
,school
,school
,school
,yes
,yes
,yes
,school
,yes
,yes
,yes
,house
,house
,yes
,yes
,house
,yes
,yes
,house
,yes
,house
,yes
,house
,house
,house
,house
,yes
,house
,house
,house
,house
,house
,house
,house
,house
,house
,house
,house
,house
,house
,house
,yes
,house
,house
,yes
,yes
,yes
,yes
,house
,residential
,house
,house
,house
,yes
,house
,house
,house
,house
,house
,house
,house
,house
,house
,yes
,house
,yes
,house
,yes
,yes
,house
,house
,house
,house
,house
,yes
,house
,house
,house
,retail
Nomad,yes
,yes
,house
,house
,house
,house
,house
,house
,house
,house
,residential
,house
,house
,house
,house
,house
,house
,house
,garage
,house
,house
,garage
,yes
,yes
,civic
,church
,yes
,yes
,yes
,yes
,yes
,yes
Princeton Municipal Building - Witherspoon Hall,yes
,yes
Princeton First Aid & Rescue Squad,yes
,house
,garage
,house
,house
,house
,house
,house
,house
,yes
,house
,house
,house
,house
,house
,house
,house
,house
,house
,house
,house
,house
,house
,house
,house
,house
,house
,house
,house
,house
,house
,house
,house
,house
,house
,house
,house
,house
,house
,retail
,house
,commercial
,yes
,commercial
,house
,yes
,retail
,house
,house
,house
,house
,house
,shed
,house
,house
,house
,house
,garage
,house
,house
,house
,garage
,house
,house
,house
,house
,house
,house
,house
,house
,house
,house
,house
,shed
,house
,shed
,house
,house
,yes
,yes
,yes
,yes
,house
,yes
,yes
,yes
,yes
,yes
,house
,yes
,house
,yes
,house
,yes
,house
,house
,house
,house
,house
,house
,house
,house
,house
,garage
,house
,house
,house
,house
,house
,house
,house
,house
,house
,house
,house
,house
,house
,house
,house
,house
,house
,garage
,house
,house
,shed
,house
,house
,house
,house
,house
,house
,house
,house
,garage
,house
,house
,house
,house
,shed
,house
,house
,house
,house
,house
,house
,house
,shed
,house
,house
,house
,house
,house
,house
,house
,house
,house
,house
,garage
,house
,house
,house
,house
,garage
,house
,house
,house
,house
,house
,house
,house
,house
,house
,house
,shed
,shed
,house
,house
,shed
,house
,house
,house
,house
,house
,garage
,house
,shed
,house
,house
,house
,house
,house
,house
,house
,house
,yes
,house
,yes
,yes
,house
,house
,house
,shed
,house
,house
,house
,shed
,house
,house
,retail
,retail
,yes
,house
,yes
,house
,house
,house
,house
,house
,house
,shed
,house
,house
,shed
,garage
,house
,house
,house
,house
,house
,house
,house
PNC Bank,yes
,house
,house
,roof
,house
,yes
,yes
,house
,shed
,shed
,house
,house
,house
,yes
,house
,house
,house
,house
,yes
,house
,yes
,house
,yes
,house
,house
,house
,yes
,yes
,yes
,house
,house
,house
,house
,house
,house
,house
,house
,yes
,house
,house
,house
,house
,house
,house
,house
,yes
,house
,supermarket
The Alice,residential
,yes
,house
,house
,house
,house
PIRHL,residential
,house
,yes
,yes
,yes
,yes
,yes
,yes
,yes
,yes
,yes
,yes
,yes
,yes
,yes
,yes
,yes
,yes
,yes
,yes
,yes
,yes
,yes
,yes
,yes
,yes
,yes
,yes
,yes
,yes
,yes
,yes
,yes
,yes
,yes
,yes
,yes
,yes
,yes
,yes
,yes
,yes
,yes
,yes
,yes
,yes
,yes
,house
,yes
,yes
,yes
,yes
,yes
,yes
,yes
,yes
,yes
,yes
,yes
,yes
,yes
,yes
,yes
,yes
,yes
,yes
,yes
,yes
,house
,yes
,yes
,house
,yes
,yes
,yes
,yes
,yes
,yes
,yes
,yes
,yes
,yes
,yes
,yes
,yes
,yes
,yes
,yes
,yes
,yes
,yes
,yes
,yes
,yes
,yes
,yes
,yes
,yes
,yes
,yes
,yes
,yes
,yes
,yes
,yes
,yes
,house
,barn
,yes
,yes
,yes
,yes
,yes
,yes
,yes
,yes
,yes
,yes
,yes
,yes
,yes
,yes
,yes
,yes
,yes
,yes
,yes
,yes
,yes
,yes
,yes
,yes
,yes
Tusculum,house
,yes
,yes
,yes
,yes
,yes
,yes
,yes
,yes
,yes
,yes
,yes
,yes
,yes
,yes
,yes
,yes
,yes
,yes
,yes
,yes
,yes
,yes
,yes
,yes
,yes
,yes
,yes
,yes
,yes
,yes
,yes
,yes
,yes
,yes
,yes
,yes
,yes
,yes
,yes
,yes
,yes
,yes
,yes
,yes
,yes
,yes
,yes
,yes
,yes
,yes
,yes
,yes
,yes
,yes
,yes
,yes
,yes
,yes
,yes
,yes
,yes
,yes
,yes
,yes
,yes
,yes
,yes
,yes
,yes
,yes
,yes
,yes
,yes
,yes
,cabin
,yes
,yes
,house
,yes
,yes
,house
,yes
,house
,house
,yes
,house
,house
,yes
,yes
,yes
,yes
,yes
,yes
,yes
,yes
,yes
,yes
,yes
,yes
,yes
,roof
,yes
,house
,yes
,garage
,house
,house
,yes
,cabin
,yes
,yes
,yes
,yes
,yes
,yes
,yes
,yes
,yes
,yes
,yes
,yes
,yes
,yes
,yes
,yes
,yes
,yes
,yes
,yes
,cabin
,yes
,yes
,house
,garage
,cabin
,house
,garage
,house
,yes
,yes
,yes
,yes
,yes
,garage
,yes
,yes
,yes
,yes
Our Lady of Princeton Convent,yes
,yes
,yes
,yes
,yes
,yes
,yes
,yes
,yes
,yes
,yes
,yes
,yes
,yes
,yes
,yes
,yes
,yes
,yes
,yes
,yes
,yes
,yes
,yes
,yes
,yes
,yes
,yes
,yes
,yes
,yes
,yes
,yes
,yes
,yes
,yes
,yes
,yes
,yes
,yes
,yes
,yes
,yes
,yes
,yes
,yes
,yes
,yes
,yes
,yes
,yes
,yes
,yes
,yes
,yes
,yes
,yes
,yes
,yes
,yes
,yes
,yes
,yes
,yes
,yes
,yes
,yes
,yes
,yes
,yes
,yes
,yes
,yes
,yes
,yes
,yes
,yes
,yes
,yes
,yes
,yes
,yes
,yes
,yes
,yes
,yes
,yes
,yes
,yes
,yes
,yes
,yes
,yes
,yes
,yes
,yes
,yes
,yes
,yes
,yes
,yes
,yes
,yes
,yes
,yes
,yes
,yes
,yes
,yes
,yes
,yes
,yes
,yes
,yes
,yes
,yes
,yes
,yes
,yes
,yes
,yes
,yes
,yes
Princeton Academy of the Sacred Heart,school
,yes
,yes
,yes
,yes
,yes
,yes
,yes
,yes
,yes
,yes
,yes
,yes
,yes
,yes
,yes
,yes
,yes
,yes
,yes
,yes
,yes
,yes
,yes
,yes
,yes
,yes
,yes
,yes
,yes
,yes
,yes
,yes
,yes
,yes
,yes
,yes
,yes
,yes
,yes
,yes
,yes
,yes
,yes
,yes
,yes
,yes
,yes
,yes
,yes
,yes
,yes
,yes
,yes
,yes
,yes
,yes
,yes
,yes
,yes
,yes
,yes
,yes
,yes
,yes
,yes
,yes
,yes
,yes
,yes
,yes
,yes
,yes
,yes
,yes
,yes
,yes
,yes
,yes
,yes
,yes
,yes
,yes
,yes
,yes
,yes
,yes
,yes
,yes
,yes
,yes
,yes
,yes
,yes
,yes
,yes
,yes
,yes
,yes
,yes
,yes
,yes
,yes
,yes
,yes
,yes
,yes
,yes
,yes
,yes
,yes
,yes
,yes
,yes
,yes
,yes
,yes
,yes
,yes
,yes
,yes
,yes
,yes
,yes
,yes
,yes
,yes
,yes
,yes
,yes
,yes
,yes
,yes
,yes
,yes
,yes
,yes
,yes
,yes
,yes
,yes
,yes
,yes
,yes
,yes
,yes
,yes
,yes
,yes
,yes
,yes
,yes
,yes
,yes
,yes
,yes
,yes
,yes
,yes
,yes
,yes
,yes
,yes
,yes
,yes
,yes
,yes
,yes
,yes
,yes
,house
,house
,house
,house
,house
,house
,yes
,house
,house
,house
,house
,house
,house
,house
,house
,house
,yes
,yes
,yes
,yes
,yes
,house
,house
,house
,house
,house
,house
,house
,yes
,yes
,yes
,yes
,yes
,yes
,yes
,yes
,yes
,yes
,yes
,house
,yes
,yes
,yes
,yes
,yes
,yes
,yes
,yes
,yes
,yes
,yes
,yes
,yes
,yes
,yes
,yes
,yes
,yes
,yes
,yes
,yes
,yes
,yes
,yes
,yes
,house
,house
,house
,house
,house
,house
,house
,house
,house
,house
,yes
,house
,house
,house
,house
,house
,yes
,house
,house
,house
,house
,yes
,house
,house
,house
,house
,house
,house
,house
,house
,house
,house
,house
,house
,yes
,house
,house
,yes
,house
,house
,house
,house
,house
,yes
,house
,house
,house
,house
,house
,house
,house
,house
,house
,house
,house
,yes
,house
,house
,house
,house
,yes
,house
,yes
,house
,house
,house
,house
,yes
,house
,house
,house
,house
,house
,yes
,house
,house
,house
,house
,house
,house
,house
,yes
,house
,house
,house
,house
,house
,house
,yes
,house
,house
,house
,house
,house
,house
,house
,house
,house
,house
,house
,yes
,house
,house
,house
,house
,yes
,house
,house
,house
,house
,house
,house
,house
,house
,house
,house
,house
,yes
,house
,house
,house
,house
,house
,house
,house
,yes
,house
,house
,house
,yes
,house
,house
,house
,house
,house
,house
,house
,house
,house
,house
,house
,house
,house
,yes
,yes
,house
,house
,house
,house
,house
,house
,house
,house
,house
,house
,house
,yes
,house
,house
,house
,house
,house
,house
,house
,house
,yes
,yes
,house
,house
,house
,house
,house
,house
,house
,house
,house
,yes
,house
,house
,house
,house
,house
,house
,house
,house
,house
,house
,house
,yes
,house
,yes
,detached
,detached
,detached
,house
,detached
,house
,house
,house
,house
,house
,yes
,house
,house
,house
,house
,house
,house
,house
,house
,shed
,house
,house
,house
,house
,house
,garage
,house
,house
,house
,house
,house
,house
,house
,house
,house
,yes
,house
,house
,yes
,shed
,house
,yes
,house
,house
,house
,house
,shed
,house
,house
,yes
,house
,house
,house
,house
,house
,house
,house
,house
,house
,garage
,house
,house
,house
,house
,house
,house
,house
,house
,house
,house
,house
,house
,house
,house
,house
,house
,house
,house
,house
,house
,house
,house
,house
,house
,house
,house
,house
,house
,house
,house
,house
,house
,house
,house
,house
,house
,house
,house
,house
,shed
,house
,house
,shed
,shed
,house
,house
,house
,house
,house
,house
,yes
,house
,house
,house
,house
,yes
,roof
,house
,yes
,house
,yes
,house
,house
,shed
,house
,yes
,shed
,yes
,garage
,shed
,shed
,shed
,yes
,house
,house
,house
,house
,house
,house
,house
,shed
Old Kingston Mill,house
,house
,house
,house
,house
,yes
,house
,house
,house
,house
,house
,house
,yes
,house
,house
,house
,house
,house
,house
,house
,house
,house
,house
Princeton Church of Christ,yes
,garage
,house
,house
,yes
,house
,house
,house
,house
,house
,yes
,yes
,house
,house
,house
,house
,house
,house
,house
,house
,house
,house
,yes
,house
,house
,house
,house
,yes
,house
,yes
,yes
,house
,house
,house
,house
,yes
,house
,yes
,house
,house
,house
,yes
,house
,house
,house
,yes
,house
,house
,house
,house
,house
,house
,house
,house
,house
,house
,house
,house
,house
,house
,yes
,house
,house
,house
,house
,house
,house
,yes
,yes
,yes
,yes
,yes
,yes
,house
,yes
,house
,house
,house
,yes
,house
,yes
,house
,house
,house
,house
,yes
,yes
,yes
,yes
,yes
,yes
,yes
,yes
,yes
,yes
,yes
,yes
,yes
,yes
,yes
,yes
,yes
,yes
,yes
,yes
,house
,house
,house
,house
,house
,house
,house
,house
,house
Princeton Community Family Learning Center's Cub School,kindergarten
All Saints' Episcopal Church,yes
,yes
,yes
,yes
,yes
,house
,yes
,house
,house
,yes
,yes
,yes
,yes
,yes
,yes
Stone Hill Church of Princeton,yes
,house
,house
,yes
,house
,house
,yes
,house
,yes
,house
Cottage,yes
,yes
,house
,yes
,house
,house
,house
,yes
,house
,yes
,house
,house
,house
,yes
,house
Veblen House,house
,yes
,house
,house
,yes
,house
,yes
,house
,house
,house
,house
,house
,house
,house
,yes
,yes
,house
,house
,house
,yes
,house
,house
,house
,house
,house
,house
,house
,house
,yes
,house
,house
,house
,house
,house
,house
,house
,yes
,house
,yes
,house
,house
,yes
,yes
,yes
,yes
,yes
,house
,house
,yes
,yes
,yes
,yes
,yes
,yes
,yes
,house
,yes
,house
,house
,house
,house
,house
,yes
,house
,yes
,house
,house
,house
,house
,yes
,house
,house
,house
,yes
,house
,house
,house
,house
,house
,house
,house
,house
,yes
,yes
,yes
,house
,yes
,house
,house
,house
,house
,house
,house
,house
,house
,house
,yes
,house
,house
,house
,house
,house
,house
,house
,house
,house
,house
,house
,house
,house
,house
,yes
,yes
,yes
,yes
,yes
,yes
,yes
,yes
,yes
,house
,house
,house
,house
,house
,house
,house
,house
,shed
,house
,garage
,house
,shed
,house
,house
,house
,house
,house
,house
,house
,house
,house
,house
,house
,house
,house
,house
,house
,house
,house
,house
,house
,house
,shed
,shed
,house
,house
,shed
,house
,house
,house
,house
,house
,house
,house
,shed
,house
,house
,shed
,house
,house
,house
,house
,shed
,shed
,shed
,house
,shed
,house
,shed
,house
,house
,yes
,house
,house
,house
,house
,shed
,house
,house
,house
,shed
,house
,house
,house
,house
,shed
,house
,house
,garage
,house
,house
,house
,house
,house
,house
,house
,house
,house
,house
,house
,shed
,house
,shed
,yes
,house
,shed
,house
,house
,garage
,shed
,house
,house
,house
,house
,house
,house
,shed
,house
,house
,house
,garage
,house
,house
,house
,house
,house
,house
,house
,house
,house
,house
,house
,house
,garage
,shed
,house
,shed
,house
,house
,house
,house
,house
,yes
,yes
,yes
,yes
,yes
,yes
,yes
,yes
,yes
,yes
,house
,house
,house
,house
,house
,house
,house
,house
,yes
,yes
,house
,house
,house
,house
,yes
,detached
,yes
,detached
,yes
,detached
,house
,yes
,house
,house
,yes
,house
,house
,yes
,house
,house
,yes
,yes
,yes
,yes
,yes
,yes
,yes
,yes
,yes
,yes
,yes
,detached
,yes
,detached
,detached
,yes
,detached
,yes
,detached
,detached
,yes
,yes
,yes
,yes
,yes
,yes
,yes
,yes
,yes
,yes
,house
,yes
,yes
,yes
,yes
,yes
,yes
,yes
,yes
,yes
,house
,house
,house
,yes
,yes
,yes
,yes
,yes
,yes
,yes
,yes
,yes
,yes
,yes
,yes
,yes
,yes
,yes
,yes
,yes
,yes
,yes
,yes
,yes
,yes
,yes
,yes
,yes
,yes
,yes
,yes
Avalon Bay,residential
Avalon Bay,residential
,yes
,apartments
,apartments
,apartments
,apartments
,apartments
,yes
,house
,house
,house
Princeton Dermatology Associates,yes
,yes
,yes
,house
,yes
,yes
,yes
,yes
,yes
,yes
,yes
,yes
,yes
,yes
,yes
,yes
,yes
,yes
,yes
,yes
Princeton Italian-American Sportsmen's Club,yes
,yes
,yes
,yes
,yes
,yes
,yes
,yes
,yes
,yes
,yes
,yes
,yes
,yes
,yes
,yes
,yes
,yes
,yes
,yes
,yes
,yes
,yes
,yes
,yes
,yes
,yes
,house
,house
,house
,yes
Princeton Symphony Orchestra,yes
,yes
,yes
,yes
Building C,office
Building B,office
,house
,house
,shed
,house
,garage
,house
,house
,house
,house
,house
,shed
,garage
,house
,house
,house
,house
,yes
,house
,house
,house
,house
,house
,house
,house
,house
,house
,house
,house
,house
,house
,house
,house
,house
,shed
,house
,house
,house
,house
,house
,yes
,yes
,yes
,yes
,yes
,house
,yes
,yes
,yes
,yes
,yes
Building A,office
,office
,yes
,house
,house
,house
,house
,house
,house
,house
,house
,yes
,house
,house
,house
,house
,yes
,house
,house
,yes
,house
,house
,house
,yes
,yes
,yes
,yes
,yes
,yes
,yes
,house
,yes
,yes
,yes
,yes
,yes
,yes
,yes
,yes
,yes
,house
,detached
,house
,detached
,yes
,yes
,yes
,yes
,yes
,yes
,yes
,yes
,yes
,yes
,yes
,house
,house
,house
,house
,yes
,yes
,yes
,house
,house
,house
,yes
,house
,yes
,house
,house
,yes
,yes
,house
,yes
,house
,house
,house
,house
,yes
,yes
,house
,yes
,yes
,yes
,yes
,yes
,yes
,yes
,yes
,yes
,yes
,yes
,yes
,yes
,yes
,yes
,yes
,yes
,yes
,yes
,yes
,yes
,yes
,yes
,yes
,yes
,yes
,yes
,yes
,yes
,yes
,yes
,yes
,yes
,yes
,yes
,yes
,yes
,yes
,yes
,yes
,yes
,yes
,yes
,yes
,yes
,yes
,yes
,yes
,yes
,yes
,yes
,yes
,yes
,yes
,yes
,yes
,yes
,yes
,yes
,yes
,yes
,yes
,yes
,yes
,yes
,yes
,yes
,yes
,yes
,yes
,yes
,yes
,yes
,yes
,yes
,yes
,yes
,yes
,yes
,yes
,yes
,yes
,yes
,yes
,yes
,yes
,yes
,yes
,yes
,yes
,yes
,yes
Residences at Herrontwon,construction
,yes
,yes
,yes
,yes
,yes
,yes
,yes
CVS Pharmacy,yes
,yes
,yes
,yes
,yes
,yes
,yes
,yes
Liberty,roof
TD Bank,yes
,yes
,yes
,yes
,yes
,yes
,yes
,yes
,yes
,yes
,yes
,yes
,yes
,yes
,yes
,yes
,yes
,yes
,yes
,yes
,yes
,yes
,yes
,yes
,yes
,yes
Bottle King,yes
Petro Oil,yes
,yes
,yes
,yes
,yes
,yes
,yes
,yes
,yes
,yes
,yes
,yes
,yes
,yes
,yes
,yes
,yes
,yes
,yes
,yes
,yes
,yes
,yes
,yes
,yes
,yes
,yes
,yes
Mavis Discount Tire,yes
,yes
,yes
,yes
,yes
,yes
,yes
,yes
,yes
,yes
,yes
,yes
,yes
,yes
,yes
,yes
,yes
,yes
